ContactId,AccountId,FirstName,LastName,Email,Phone
003000000000000,001000000000171,First0,Last0,contact0@example.com,555-0000
003000000000001,001000000000437,First1,Last1,contact1@example.com,555-0001
003000000000002,001000000000273,First2,Last2,contact2@example.com,555-0002
003000000000003,001000000000258,First3,Last3,contact3@example.com,555-0003
003000000000004,001000000000134,First4,Last4,contact4@example.com,555-0004
003000000000005,001000000000170,First5,Last5,contact5@example.com,555-0005
003000000000006,001000000000209,First6,Last6,contact6@example.com,555-0006
003000000000007,001000000000235,First7,Last7,contact7@example.com,555-0007
003000000000008,001000000000421,First8,Last8,contact8@example.com,555-0008
003000000000009,001000000000420,First9,Last9,contact9@example.com,555-0009
003000000000010,001000000000185,First10,Last10,contact10@example.com,555-0010
003000000000011,001000000000416,First11,Last11,contact11@example.com,555-0011
003000000000012,001000000000363,First12,Last12,contact12@example.com,555-0012
003000000000013,001000000000442,First13,Last13,contact13@example.com,555-0013
003000000000014,001000000000094,First14,Last14,contact14@example.com,555-0014
003000000000015,001000000000377,First15,Last15,contact15@example.com,555-0015
003000000000016,001000000000010,First16,Last16,contact16@example.com,555-0016
003000000000017,001000000000067,First17,Last17,contact17@example.com,555-0017
003000000000018,001000000000378,First18,Last18,contact18@example.com,555-0018
003000000000019,001000000000209,First19,Last19,contact19@example.com,555-0019
003000000000020,001000000000195,First20,Last20,contact20@example.com,555-0020
003000000000021,001000000000368,First21,Last21,contact21@example.com,555-0021
003000000000022,001000000000097,First22,Last22,contact22@example.com,555-0022
003000000000023,001000000000092,First23,Last23,contact23@example.com,555-0023
003000000000024,001000000000471,First24,Last24,contact24@example.com,555-0024
003000000000025,001000000000021,First25,Last25,contact25@example.com,555-0025
003000000000026,001000000000449,First26,Last26,contact26@example.com,555-0026
003000000000027,001000000000171,First27,Last27,contact27@example.com,555-0027
003000000000028,001000000000382,First28,Last28,contact28@example.com,555-0028
003000000000029,001000000000133,First29,Last29,contact29@example.com,555-0029
003000000000030,001000000000425,First30,Last30,contact30@example.com,555-0030
003000000000031,001000000000024,First31,Last31,contact31@example.com,555-0031
003000000000032,001000000000184,First32,Last32,contact32@example.com,555-0032
003000000000033,001000000000084,First33,Last33,contact33@example.com,555-0033
003000000000034,001000000000054,First34,Last34,contact34@example.com,555-0034
003000000000035,001000000000250,First35,Last35,contact35@example.com,555-0035
003000000000036,001000000000143,First36,Last36,contact36@example.com,555-0036
003000000000037,001000000000350,First37,Last37,contact37@example.com,555-0037
003000000000038,001000000000397,First38,Last38,contact38@example.com,555-0038
003000000000039,001000000000166,First39,Last39,contact39@example.com,555-0039
003000000000040,001000000000411,First40,Last40,contact40@example.com,555-0040
003000000000041,001000000000223,First41,Last41,contact41@example.com,555-0041
003000000000042,001000000000219,First42,Last42,contact42@example.com,555-0042
003000000000043,001000000000178,First43,Last43,contact43@example.com,555-0043
003000000000044,001000000000118,First44,Last44,contact44@example.com,555-0044
003000000000045,001000000000432,First45,Last45,contact45@example.com,555-0045
003000000000046,001000000000264,First46,Last46,contact46@example.com,555-0046
003000000000047,001000000000441,First47,Last47,contact47@example.com,555-0047
003000000000048,001000000000428,First48,Last48,contact48@example.com,555-0048
003000000000049,001000000000149,First49,Last49,contact49@example.com,555-0049
003000000000050,001000000000415,First50,Last50,contact50@example.com,555-0050
003000000000051,001000000000452,First51,Last51,contact51@example.com,555-0051
003000000000052,001000000000214,First52,Last52,contact52@example.com,555-0052
003000000000053,001000000000196,First53,Last53,contact53@example.com,555-0053
003000000000054,001000000000041,First54,Last54,contact54@example.com,555-0054
003000000000055,001000000000052,First55,Last55,contact55@example.com,555-0055
003000000000056,001000000000479,First56,Last56,contact56@example.com,555-0056
003000000000057,001000000000442,First57,Last57,contact57@example.com,555-0057
003000000000058,001000000000329,First58,Last58,contact58@example.com,555-0058
003000000000059,001000000000250,First59,Last59,contact59@example.com,555-0059
003000000000060,001000000000294,First60,Last60,contact60@example.com,555-0060
003000000000061,001000000000377,First61,Last61,contact61@example.com,555-0061
003000000000062,001000000000270,First62,Last62,contact62@example.com,555-0062
003000000000063,001000000000454,First63,Last63,contact63@example.com,555-0063
003000000000064,001000000000412,First64,Last64,contact64@example.com,555-0064
003000000000065,001000000000122,First65,Last65,contact65@example.com,555-0065
003000000000066,001000000000366,First66,Last66,contact66@example.com,555-0066
003000000000067,001000000000386,First67,Last67,contact67@example.com,555-0067
003000000000068,001000000000338,First68,Last68,contact68@example.com,555-0068
003000000000069,001000000000265,First69,Last69,contact69@example.com,555-0069
003000000000070,001000000000347,First70,Last70,contact70@example.com,555-0070
003000000000071,001000000000028,First71,Last71,contact71@example.com,555-0071
003000000000072,001000000000462,First72,Last72,contact72@example.com,555-0072
003000000000073,001000000000034,First73,Last73,contact73@example.com,555-0073
003000000000074,001000000000005,First74,Last74,contact74@example.com,555-0074
003000000000075,001000000000395,First75,Last75,contact75@example.com,555-0075
003000000000076,001000000000110,First76,Last76,contact76@example.com,555-0076
003000000000077,001000000000293,First77,Last77,contact77@example.com,555-0077
003000000000078,001000000000076,First78,Last78,contact78@example.com,555-0078
003000000000079,001000000000348,First79,Last79,contact79@example.com,555-0079
003000000000080,001000000000146,First80,Last80,contact80@example.com,555-0080
003000000000081,001000000000066,First81,Last81,contact81@example.com,555-0081
003000000000082,001000000000391,First82,Last82,contact82@example.com,555-0082
003000000000083,001000000000007,First83,Last83,contact83@example.com,555-0083
003000000000084,001000000000121,First84,Last84,contact84@example.com,555-0084
003000000000085,001000000000339,First85,Last85,contact85@example.com,555-0085
003000000000086,001000000000174,First86,Last86,contact86@example.com,555-0086
003000000000087,001000000000387,First87,Last87,contact87@example.com,555-0087
003000000000088,001000000000178,First88,Last88,contact88@example.com,555-0088
003000000000089,001000000000084,First89,Last89,contact89@example.com,555-0089
003000000000090,001000000000450,First90,Last90,contact90@example.com,555-0090
003000000000091,001000000000044,First91,Last91,contact91@example.com,555-0091
003000000000092,001000000000135,First92,Last92,contact92@example.com,555-0092
003000000000093,001000000000342,First93,Last93,contact93@example.com,555-0093
003000000000094,001000000000015,First94,Last94,contact94@example.com,555-0094
003000000000095,001000000000332,First95,Last95,contact95@example.com,555-0095
003000000000096,001000000000194,First96,Last96,contact96@example.com,555-0096
003000000000097,001000000000495,First97,Last97,contact97@example.com,555-0097
003000000000098,001000000000008,First98,Last98,contact98@example.com,555-0098
003000000000099,001000000000315,First99,Last99,contact99@example.com,555-0099
003000000000100,001000000000333,First100,Last100,contact100@example.com,555-0100
003000000000101,001000000000332,First101,Last101,contact101@example.com,555-0101
003000000000102,001000000000326,First102,Last102,contact102@example.com,555-0102
003000000000103,001000000000014,First103,Last103,contact103@example.com,555-0103
003000000000104,001000000000326,First104,Last104,contact104@example.com,555-0104
003000000000105,001000000000101,First105,Last105,contact105@example.com,555-0105
003000000000106,001000000000225,First106,Last106,contact106@example.com,555-0106
003000000000107,001000000000424,First107,Last107,contact107@example.com,555-0107
003000000000108,001000000000277,First108,Last108,contact108@example.com,555-0108
003000000000109,001000000000407,First109,Last109,contact109@example.com,555-0109
003000000000110,001000000000112,First110,Last110,contact110@example.com,555-0110
003000000000111,001000000000484,First111,Last111,contact111@example.com,555-0111
003000000000112,001000000000427,First112,Last112,contact112@example.com,555-0112
003000000000113,001000000000000,First113,Last113,contact113@example.com,555-0113
003000000000114,001000000000265,First114,Last114,contact114@example.com,555-0114
003000000000115,001000000000490,First115,Last115,contact115@example.com,555-0115
003000000000116,001000000000207,First116,Last116,contact116@example.com,555-0116
003000000000117,001000000000109,First117,Last117,contact117@example.com,555-0117
003000000000118,001000000000199,First118,Last118,contact118@example.com,555-0118
003000000000119,001000000000439,First119,Last119,contact119@example.com,555-0119
003000000000120,001000000000368,First120,Last120,contact120@example.com,555-0120
003000000000121,001000000000472,First121,Last121,contact121@example.com,555-0121
003000000000122,001000000000305,First122,Last122,contact122@example.com,555-0122
003000000000123,001000000000011,First123,Last123,contact123@example.com,555-0123
003000000000124,001000000000344,First124,Last124,contact124@example.com,555-0124
003000000000125,001000000000464,First125,Last125,contact125@example.com,555-0125
003000000000126,001000000000187,First126,Last126,contact126@example.com,555-0126
003000000000127,001000000000153,First127,Last127,contact127@example.com,555-0127
003000000000128,001000000000493,First128,Last128,contact128@example.com,555-0128
003000000000129,001000000000367,First129,Last129,contact129@example.com,555-0129
003000000000130,001000000000333,First130,Last130,contact130@example.com,555-0130
003000000000131,001000000000424,First131,Last131,contact131@example.com,555-0131
003000000000132,001000000000419,First132,Last132,contact132@example.com,555-0132
003000000000133,001000000000376,First133,Last133,contact133@example.com,555-0133
003000000000134,001000000000278,First134,Last134,contact134@example.com,555-0134
003000000000135,001000000000170,First135,Last135,contact135@example.com,555-0135
003000000000136,001000000000133,First136,Last136,contact136@example.com,555-0136
003000000000137,001000000000494,First137,Last137,contact137@example.com,555-0137
003000000000138,001000000000452,First138,Last138,contact138@example.com,555-0138
003000000000139,001000000000426,First139,Last139,contact139@example.com,555-0139
003000000000140,001000000000024,First140,Last140,contact140@example.com,555-0140
003000000000141,001000000000017,First141,Last141,contact141@example.com,555-0141
003000000000142,001000000000189,First142,Last142,contact142@example.com,555-0142
003000000000143,001000000000140,First143,Last143,contact143@example.com,555-0143
003000000000144,001000000000042,First144,Last144,contact144@example.com,555-0144
003000000000145,001000000000333,First145,Last145,contact145@example.com,555-0145
003000000000146,001000000000283,First146,Last146,contact146@example.com,555-0146
003000000000147,001000000000145,First147,Last147,contact147@example.com,555-0147
003000000000148,001000000000314,First148,Last148,contact148@example.com,555-0148
003000000000149,001000000000443,First149,Last149,contact149@example.com,555-0149
003000000000150,001000000000318,First150,Last150,contact150@example.com,555-0150
003000000000151,001000000000440,First151,Last151,contact151@example.com,555-0151
003000000000152,001000000000091,First152,Last152,contact152@example.com,555-0152
003000000000153,001000000000178,First153,Last153,contact153@example.com,555-0153
003000000000154,001000000000055,First154,Last154,contact154@example.com,555-0154
003000000000155,001000000000154,First155,Last155,contact155@example.com,555-0155
003000000000156,001000000000159,First156,Last156,contact156@example.com,555-0156
003000000000157,001000000000110,First157,Last157,contact157@example.com,555-0157
003000000000158,001000000000136,First158,Last158,contact158@example.com,555-0158
003000000000159,001000000000231,First159,Last159,contact159@example.com,555-0159
003000000000160,001000000000479,First160,Last160,contact160@example.com,555-0160
003000000000161,001000000000467,First161,Last161,contact161@example.com,555-0161
003000000000162,001000000000219,First162,Last162,contact162@example.com,555-0162
003000000000163,001000000000480,First163,Last163,contact163@example.com,555-0163
003000000000164,001000000000067,First164,Last164,contact164@example.com,555-0164
003000000000165,001000000000301,First165,Last165,contact165@example.com,555-0165
003000000000166,001000000000248,First166,Last166,contact166@example.com,555-0166
003000000000167,001000000000481,First167,Last167,contact167@example.com,555-0167
003000000000168,001000000000495,First168,Last168,contact168@example.com,555-0168
003000000000169,001000000000322,First169,Last169,contact169@example.com,555-0169
003000000000170,001000000000409,First170,Last170,contact170@example.com,555-0170
003000000000171,001000000000391,First171,Last171,contact171@example.com,555-0171
003000000000172,001000000000005,First172,Last172,contact172@example.com,555-0172
003000000000173,001000000000463,First173,Last173,contact173@example.com,555-0173
003000000000174,001000000000279,First174,Last174,contact174@example.com,555-0174
003000000000175,001000000000431,First175,Last175,contact175@example.com,555-0175
003000000000176,001000000000486,First176,Last176,contact176@example.com,555-0176
003000000000177,001000000000093,First177,Last177,contact177@example.com,555-0177
003000000000178,001000000000428,First178,Last178,contact178@example.com,555-0178
003000000000179,001000000000268,First179,Last179,contact179@example.com,555-0179
003000000000180,001000000000196,First180,Last180,contact180@example.com,555-0180
003000000000181,001000000000024,First181,Last181,contact181@example.com,555-0181
003000000000182,001000000000147,First182,Last182,contact182@example.com,555-0182
003000000000183,001000000000117,First183,Last183,contact183@example.com,555-0183
003000000000184,001000000000337,First184,Last184,contact184@example.com,555-0184
003000000000185,001000000000366,First185,Last185,contact185@example.com,555-0185
003000000000186,001000000000337,First186,Last186,contact186@example.com,555-0186
003000000000187,001000000000065,First187,Last187,contact187@example.com,555-0187
003000000000188,001000000000457,First188,Last188,contact188@example.com,555-0188
003000000000189,001000000000300,First189,Last189,contact189@example.com,555-0189
003000000000190,001000000000369,First190,Last190,contact190@example.com,555-0190
003000000000191,001000000000174,First191,Last191,contact191@example.com,555-0191
003000000000192,001000000000318,First192,Last192,contact192@example.com,555-0192
003000000000193,001000000000075,First193,Last193,contact193@example.com,555-0193
003000000000194,001000000000494,First194,Last194,contact194@example.com,555-0194
003000000000195,001000000000460,First195,Last195,contact195@example.com,555-0195
003000000000196,001000000000113,First196,Last196,contact196@example.com,555-0196
003000000000197,001000000000110,First197,Last197,contact197@example.com,555-0197
003000000000198,001000000000248,First198,Last198,contact198@example.com,555-0198
003000000000199,001000000000438,First199,Last199,contact199@example.com,555-0199
003000000000200,001000000000202,First200,Last200,contact200@example.com,555-0200
003000000000201,001000000000146,First201,Last201,contact201@example.com,555-0201
003000000000202,001000000000034,First202,Last202,contact202@example.com,555-0202
003000000000203,001000000000486,First203,Last203,contact203@example.com,555-0203
003000000000204,001000000000308,First204,Last204,contact204@example.com,555-0204
003000000000205,001000000000025,First205,Last205,contact205@example.com,555-0205
003000000000206,001000000000237,First206,Last206,contact206@example.com,555-0206
003000000000207,001000000000013,First207,Last207,contact207@example.com,555-0207
003000000000208,001000000000373,First208,Last208,contact208@example.com,555-0208
003000000000209,001000000000044,First209,Last209,contact209@example.com,555-0209
003000000000210,001000000000427,First210,Last210,contact210@example.com,555-0210
003000000000211,001000000000215,First211,Last211,contact211@example.com,555-0211
003000000000212,001000000000232,First212,Last212,contact212@example.com,555-0212
003000000000213,001000000000192,First213,Last213,contact213@example.com,555-0213
003000000000214,001000000000050,First214,Last214,contact214@example.com,555-0214
003000000000215,001000000000426,First215,Last215,contact215@example.com,555-0215
003000000000216,001000000000374,First216,Last216,contact216@example.com,555-0216
003000000000217,001000000000213,First217,Last217,contact217@example.com,555-0217
003000000000218,001000000000150,First218,Last218,contact218@example.com,555-0218
003000000000219,001000000000439,First219,Last219,contact219@example.com,555-0219
003000000000220,001000000000274,First220,Last220,contact220@example.com,555-0220
003000000000221,001000000000337,First221,Last221,contact221@example.com,555-0221
003000000000222,001000000000075,First222,Last222,contact222@example.com,555-0222
003000000000223,001000000000438,First223,Last223,contact223@example.com,555-0223
003000000000224,001000000000219,First224,Last224,contact224@example.com,555-0224
003000000000225,001000000000347,First225,Last225,contact225@example.com,555-0225
003000000000226,001000000000443,First226,Last226,contact226@example.com,555-0226
003000000000227,001000000000186,First227,Last227,contact227@example.com,555-0227
003000000000228,001000000000288,First228,Last228,contact228@example.com,555-0228
003000000000229,001000000000402,First229,Last229,contact229@example.com,555-0229
003000000000230,001000000000027,First230,Last230,contact230@example.com,555-0230
003000000000231,001000000000378,First231,Last231,contact231@example.com,555-0231
003000000000232,001000000000179,First232,Last232,contact232@example.com,555-0232
003000000000233,001000000000252,First233,Last233,contact233@example.com,555-0233
003000000000234,001000000000125,First234,Last234,contact234@example.com,555-0234
003000000000235,001000000000176,First235,Last235,contact235@example.com,555-0235
003000000000236,001000000000036,First236,Last236,contact236@example.com,555-0236
003000000000237,001000000000409,First237,Last237,contact237@example.com,555-0237
003000000000238,001000000000098,First238,Last238,contact238@example.com,555-0238
003000000000239,001000000000097,First239,Last239,contact239@example.com,555-0239
003000000000240,001000000000126,First240,Last240,contact240@example.com,555-0240
003000000000241,001000000000482,First241,Last241,contact241@example.com,555-0241
003000000000242,001000000000167,First242,Last242,contact242@example.com,555-0242
003000000000243,001000000000079,First243,Last243,contact243@example.com,555-0243
003000000000244,001000000000293,First244,Last244,contact244@example.com,555-0244
003000000000245,001000000000332,First245,Last245,contact245@example.com,555-0245
003000000000246,001000000000125,First246,Last246,contact246@example.com,555-0246
003000000000247,001000000000342,First247,Last247,contact247@example.com,555-0247
003000000000248,001000000000309,First248,Last248,contact248@example.com,555-0248
003000000000249,001000000000149,First249,Last249,contact249@example.com,555-0249
003000000000250,001000000000015,First250,Last250,contact250@example.com,555-0250
003000000000251,001000000000027,First251,Last251,contact251@example.com,555-0251
003000000000252,001000000000495,First252,Last252,contact252@example.com,555-0252
003000000000253,001000000000418,First253,Last253,contact253@example.com,555-0253
003000000000254,001000000000443,First254,Last254,contact254@example.com,555-0254
003000000000255,001000000000172,First255,Last255,contact255@example.com,555-0255
003000000000256,001000000000045,First256,Last256,contact256@example.com,555-0256
003000000000257,001000000000327,First257,Last257,contact257@example.com,555-0257
003000000000258,001000000000235,First258,Last258,contact258@example.com,555-0258
003000000000259,001000000000438,First259,Last259,contact259@example.com,555-0259
003000000000260,001000000000213,First260,Last260,contact260@example.com,555-0260
003000000000261,001000000000084,First261,Last261,contact261@example.com,555-0261
003000000000262,001000000000281,First262,Last262,contact262@example.com,555-0262
003000000000263,001000000000231,First263,Last263,contact263@example.com,555-0263
003000000000264,001000000000084,First264,Last264,contact264@example.com,555-0264
003000000000265,001000000000408,First265,Last265,contact265@example.com,555-0265
003000000000266,001000000000488,First266,Last266,contact266@example.com,555-0266
003000000000267,001000000000064,First267,Last267,contact267@example.com,555-0267
003000000000268,001000000000133,First268,Last268,contact268@example.com,555-0268
003000000000269,001000000000150,First269,Last269,contact269@example.com,555-0269
003000000000270,001000000000114,First270,Last270,contact270@example.com,555-0270
003000000000271,001000000000063,First271,Last271,contact271@example.com,555-0271
003000000000272,001000000000342,First272,Last272,contact272@example.com,555-0272
003000000000273,001000000000426,First273,Last273,contact273@example.com,555-0273
003000000000274,001000000000362,First274,Last274,contact274@example.com,555-0274
003000000000275,001000000000406,First275,Last275,contact275@example.com,555-0275
003000000000276,001000000000351,First276,Last276,contact276@example.com,555-0276
003000000000277,001000000000157,First277,Last277,contact277@example.com,555-0277
003000000000278,001000000000076,First278,Last278,contact278@example.com,555-0278
003000000000279,001000000000490,First279,Last279,contact279@example.com,555-0279
003000000000280,001000000000145,First280,Last280,contact280@example.com,555-0280
003000000000281,001000000000342,First281,Last281,contact281@example.com,555-0281
003000000000282,001000000000462,First282,Last282,contact282@example.com,555-0282
003000000000283,001000000000224,First283,Last283,contact283@example.com,555-0283
003000000000284,001000000000404,First284,Last284,contact284@example.com,555-0284
003000000000285,001000000000312,First285,Last285,contact285@example.com,555-0285
003000000000286,001000000000102,First286,Last286,contact286@example.com,555-0286
003000000000287,001000000000406,First287,Last287,contact287@example.com,555-0287
003000000000288,001000000000346,First288,Last288,contact288@example.com,555-0288
003000000000289,001000000000300,First289,Last289,contact289@example.com,555-0289
003000000000290,001000000000427,First290,Last290,contact290@example.com,555-0290
003000000000291,001000000000465,First291,Last291,contact291@example.com,555-0291
003000000000292,001000000000087,First292,Last292,contact292@example.com,555-0292
003000000000293,001000000000370,First293,Last293,contact293@example.com,555-0293
003000000000294,001000000000302,First294,Last294,contact294@example.com,555-0294
003000000000295,001000000000167,First295,Last295,contact295@example.com,555-0295
003000000000296,001000000000434,First296,Last296,contact296@example.com,555-0296
003000000000297,001000000000169,First297,Last297,contact297@example.com,555-0297
003000000000298,001000000000134,First298,Last298,contact298@example.com,555-0298
003000000000299,001000000000049,First299,Last299,contact299@example.com,555-0299
003000000000300,001000000000431,First300,Last300,contact300@example.com,555-0300
003000000000301,001000000000339,First301,Last301,contact301@example.com,555-0301
003000000000302,001000000000346,First302,Last302,contact302@example.com,555-0302
003000000000303,001000000000133,First303,Last303,contact303@example.com,555-0303
003000000000304,001000000000346,First304,Last304,contact304@example.com,555-0304
003000000000305,001000000000136,First305,Last305,contact305@example.com,555-0305
003000000000306,001000000000244,First306,Last306,contact306@example.com,555-0306
003000000000307,001000000000108,First307,Last307,contact307@example.com,555-0307
003000000000308,001000000000312,First308,Last308,contact308@example.com,555-0308
003000000000309,001000000000286,First309,Last309,contact309@example.com,555-0309
003000000000310,001000000000020,First310,Last310,contact310@example.com,555-0310
003000000000311,001000000000089,First311,Last311,contact311@example.com,555-0311
003000000000312,001000000000295,First312,Last312,contact312@example.com,555-0312
003000000000313,001000000000111,First313,Last313,contact313@example.com,555-0313
003000000000314,001000000000300,First314,Last314,contact314@example.com,555-0314
003000000000315,001000000000076,First315,Last315,contact315@example.com,555-0315
003000000000316,001000000000176,First316,Last316,contact316@example.com,555-0316
003000000000317,001000000000342,First317,Last317,contact317@example.com,555-0317
003000000000318,001000000000147,First318,Last318,contact318@example.com,555-0318
003000000000319,001000000000100,First319,Last319,contact319@example.com,555-0319
003000000000320,001000000000245,First320,Last320,contact320@example.com,555-0320
003000000000321,001000000000116,First321,Last321,contact321@example.com,555-0321
003000000000322,001000000000091,First322,Last322,contact322@example.com,555-0322
003000000000323,001000000000400,First323,Last323,contact323@example.com,555-0323
003000000000324,001000000000027,First324,Last324,contact324@example.com,555-0324
003000000000325,001000000000424,First325,Last325,contact325@example.com,555-0325
003000000000326,001000000000449,First326,Last326,contact326@example.com,555-0326
003000000000327,001000000000024,First327,Last327,contact327@example.com,555-0327
003000000000328,001000000000057,First328,Last328,contact328@example.com,555-0328
003000000000329,001000000000497,First329,Last329,contact329@example.com,555-0329
003000000000330,001000000000296,First330,Last330,contact330@example.com,555-0330
003000000000331,001000000000133,First331,Last331,contact331@example.com,555-0331
003000000000332,001000000000330,First332,Last332,contact332@example.com,555-0332
003000000000333,001000000000248,First333,Last333,contact333@example.com,555-0333
003000000000334,001000000000037,First334,Last334,contact334@example.com,555-0334
003000000000335,001000000000389,First335,Last335,contact335@example.com,555-0335
003000000000336,001000000000428,First336,Last336,contact336@example.com,555-0336
003000000000337,001000000000074,First337,Last337,contact337@example.com,555-0337
003000000000338,001000000000141,First338,Last338,contact338@example.com,555-0338
003000000000339,001000000000321,First339,Last339,contact339@example.com,555-0339
003000000000340,001000000000167,First340,Last340,contact340@example.com,555-0340
003000000000341,001000000000258,First341,Last341,contact341@example.com,555-0341
003000000000342,001000000000372,First342,Last342,contact342@example.com,555-0342
003000000000343,001000000000354,First343,Last343,contact343@example.com,555-0343
003000000000344,001000000000224,First344,Last344,contact344@example.com,555-0344
003000000000345,001000000000151,First345,Last345,contact345@example.com,555-0345
003000000000346,001000000000018,First346,Last346,contact346@example.com,555-0346
003000000000347,001000000000145,First347,Last347,contact347@example.com,555-0347
003000000000348,001000000000447,First348,Last348,contact348@example.com,555-0348
003000000000349,001000000000240,First349,Last349,contact349@example.com,555-0349
003000000000350,001000000000371,First350,Last350,contact350@example.com,555-0350
003000000000351,001000000000380,First351,Last351,contact351@example.com,555-0351
003000000000352,001000000000343,First352,Last352,contact352@example.com,555-0352
003000000000353,001000000000236,First353,Last353,contact353@example.com,555-0353
003000000000354,001000000000034,First354,Last354,contact354@example.com,555-0354
003000000000355,001000000000189,First355,Last355,contact355@example.com,555-0355
003000000000356,001000000000000,First356,Last356,contact356@example.com,555-0356
003000000000357,001000000000483,First357,Last357,contact357@example.com,555-0357
003000000000358,001000000000152,First358,Last358,contact358@example.com,555-0358
003000000000359,001000000000428,First359,Last359,contact359@example.com,555-0359
003000000000360,001000000000432,First360,Last360,contact360@example.com,555-0360
003000000000361,001000000000125,First361,Last361,contact361@example.com,555-0361
003000000000362,001000000000490,First362,Last362,contact362@example.com,555-0362
003000000000363,001000000000481,First363,Last363,contact363@example.com,555-0363
003000000000364,001000000000344,First364,Last364,contact364@example.com,555-0364
003000000000365,001000000000399,First365,Last365,contact365@example.com,555-0365
003000000000366,001000000000225,First366,Last366,contact366@example.com,555-0366
003000000000367,001000000000220,First367,Last367,contact367@example.com,555-0367
003000000000368,001000000000402,First368,Last368,contact368@example.com,555-0368
003000000000369,001000000000406,First369,Last369,contact369@example.com,555-0369
003000000000370,001000000000210,First370,Last370,contact370@example.com,555-0370
003000000000371,001000000000024,First371,Last371,contact371@example.com,555-0371
003000000000372,001000000000015,First372,Last372,contact372@example.com,555-0372
003000000000373,001000000000181,First373,Last373,contact373@example.com,555-0373
003000000000374,001000000000498,First374,Last374,contact374@example.com,555-0374
003000000000375,001000000000328,First375,Last375,contact375@example.com,555-0375
003000000000376,001000000000128,First376,Last376,contact376@example.com,555-0376
003000000000377,001000000000041,First377,Last377,contact377@example.com,555-0377
003000000000378,001000000000402,First378,Last378,contact378@example.com,555-0378
003000000000379,001000000000480,First379,Last379,contact379@example.com,555-0379
003000000000380,001000000000417,First380,Last380,contact380@example.com,555-0380
003000000000381,001000000000335,First381,Last381,contact381@example.com,555-0381
003000000000382,001000000000235,First382,Last382,contact382@example.com,555-0382
003000000000383,001000000000359,First383,Last383,contact383@example.com,555-0383
003000000000384,001000000000438,First384,Last384,contact384@example.com,555-0384
003000000000385,001000000000401,First385,Last385,contact385@example.com,555-0385
003000000000386,001000000000033,First386,Last386,contact386@example.com,555-0386
003000000000387,001000000000344,First387,Last387,contact387@example.com,555-0387
003000000000388,001000000000380,First388,Last388,contact388@example.com,555-0388
003000000000389,001000000000044,First389,Last389,contact389@example.com,555-0389
003000000000390,001000000000133,First390,Last390,contact390@example.com,555-0390
003000000000391,001000000000020,First391,Last391,contact391@example.com,555-0391
003000000000392,001000000000121,First392,Last392,contact392@example.com,555-0392
003000000000393,001000000000069,First393,Last393,contact393@example.com,555-0393
003000000000394,001000000000351,First394,Last394,contact394@example.com,555-0394
003000000000395,001000000000360,First395,Last395,contact395@example.com,555-0395
003000000000396,001000000000047,First396,Last396,contact396@example.com,555-0396
003000000000397,001000000000490,First397,Last397,contact397@example.com,555-0397
003000000000398,001000000000038,First398,Last398,contact398@example.com,555-0398
003000000000399,001000000000286,First399,Last399,contact399@example.com,555-0399
003000000000400,001000000000489,First400,Last400,contact400@example.com,555-0400
003000000000401,001000000000009,First401,Last401,contact401@example.com,555-0401
003000000000402,001000000000029,First402,Last402,contact402@example.com,555-0402
003000000000403,001000000000243,First403,Last403,contact403@example.com,555-0403
003000000000404,001000000000273,First404,Last404,contact404@example.com,555-0404
003000000000405,001000000000443,First405,Last405,contact405@example.com,555-0405
003000000000406,001000000000087,First406,Last406,contact406@example.com,555-0406
003000000000407,001000000000243,First407,Last407,contact407@example.com,555-0407
003000000000408,001000000000380,First408,Last408,contact408@example.com,555-0408
003000000000409,001000000000328,First409,Last409,contact409@example.com,555-0409
003000000000410,001000000000478,First410,Last410,contact410@example.com,555-0410
003000000000411,001000000000014,First411,Last411,contact411@example.com,555-0411
003000000000412,001000000000003,First412,Last412,contact412@example.com,555-0412
003000000000413,001000000000190,First413,Last413,contact413@example.com,555-0413
003000000000414,001000000000167,First414,Last414,contact414@example.com,555-0414
003000000000415,001000000000008,First415,Last415,contact415@example.com,555-0415
003000000000416,001000000000108,First416,Last416,contact416@example.com,555-0416
003000000000417,001000000000136,First417,Last417,contact417@example.com,555-0417
003000000000418,001000000000153,First418,Last418,contact418@example.com,555-0418
003000000000419,001000000000387,First419,Last419,contact419@example.com,555-0419
003000000000420,001000000000208,First420,Last420,contact420@example.com,555-0420
003000000000421,001000000000271,First421,Last421,contact421@example.com,555-0421
003000000000422,001000000000142,First422,Last422,contact422@example.com,555-0422
003000000000423,001000000000098,First423,Last423,contact423@example.com,555-0423
003000000000424,001000000000376,First424,Last424,contact424@example.com,555-0424
003000000000425,001000000000307,First425,Last425,contact425@example.com,555-0425
003000000000426,001000000000068,First426,Last426,contact426@example.com,555-0426
003000000000427,001000000000246,First427,Last427,contact427@example.com,555-0427
003000000000428,001000000000260,First428,Last428,contact428@example.com,555-0428
003000000000429,001000000000275,First429,Last429,contact429@example.com,555-0429
003000000000430,001000000000078,First430,Last430,contact430@example.com,555-0430
003000000000431,001000000000145,First431,Last431,contact431@example.com,555-0431
003000000000432,001000000000110,First432,Last432,contact432@example.com,555-0432
003000000000433,001000000000257,First433,Last433,contact433@example.com,555-0433
003000000000434,001000000000092,First434,Last434,contact434@example.com,555-0434
003000000000435,001000000000012,First435,Last435,contact435@example.com,555-0435
003000000000436,001000000000259,First436,Last436,contact436@example.com,555-0436
003000000000437,001000000000425,First437,Last437,contact437@example.com,555-0437
003000000000438,001000000000108,First438,Last438,contact438@example.com,555-0438
003000000000439,001000000000329,First439,Last439,contact439@example.com,555-0439
003000000000440,001000000000188,First440,Last440,contact440@example.com,555-0440
003000000000441,001000000000094,First441,Last441,contact441@example.com,555-0441
003000000000442,001000000000104,First442,Last442,contact442@example.com,555-0442
003000000000443,001000000000007,First443,Last443,contact443@example.com,555-0443
003000000000444,001000000000066,First444,Last444,contact444@example.com,555-0444
003000000000445,001000000000495,First445,Last445,contact445@example.com,555-0445
003000000000446,001000000000190,First446,Last446,contact446@example.com,555-0446
003000000000447,001000000000365,First447,Last447,contact447@example.com,555-0447
003000000000448,001000000000255,First448,Last448,contact448@example.com,555-0448
003000000000449,001000000000008,First449,Last449,contact449@example.com,555-0449
003000000000450,001000000000477,First450,Last450,contact450@example.com,555-0450
003000000000451,001000000000116,First451,Last451,contact451@example.com,555-0451
003000000000452,001000000000266,First452,Last452,contact452@example.com,555-0452
003000000000453,001000000000098,First453,Last453,contact453@example.com,555-0453
003000000000454,001000000000484,First454,Last454,contact454@example.com,555-0454
003000000000455,001000000000297,First455,Last455,contact455@example.com,555-0455
003000000000456,001000000000396,First456,Last456,contact456@example.com,555-0456
003000000000457,001000000000163,First457,Last457,contact457@example.com,555-0457
003000000000458,001000000000375,First458,Last458,contact458@example.com,555-0458
003000000000459,001000000000140,First459,Last459,contact459@example.com,555-0459
003000000000460,001000000000267,First460,Last460,contact460@example.com,555-0460
003000000000461,001000000000036,First461,Last461,contact461@example.com,555-0461
003000000000462,001000000000073,First462,Last462,contact462@example.com,555-0462
003000000000463,001000000000072,First463,Last463,contact463@example.com,555-0463
003000000000464,001000000000307,First464,Last464,contact464@example.com,555-0464
003000000000465,001000000000198,First465,Last465,contact465@example.com,555-0465
003000000000466,001000000000129,First466,Last466,contact466@example.com,555-0466
003000000000467,001000000000245,First467,Last467,contact467@example.com,555-0467
003000000000468,001000000000311,First468,Last468,contact468@example.com,555-0468
003000000000469,001000000000059,First469,Last469,contact469@example.com,555-0469
003000000000470,001000000000278,First470,Last470,contact470@example.com,555-0470
003000000000471,001000000000102,First471,Last471,contact471@example.com,555-0471
003000000000472,001000000000295,First472,Last472,contact472@example.com,555-0472
003000000000473,001000000000319,First473,Last473,contact473@example.com,555-0473
003000000000474,001000000000486,First474,Last474,contact474@example.com,555-0474
003000000000475,001000000000340,First475,Last475,contact475@example.com,555-0475
003000000000476,001000000000150,First476,Last476,contact476@example.com,555-0476
003000000000477,001000000000156,First477,Last477,contact477@example.com,555-0477
003000000000478,001000000000205,First478,Last478,contact478@example.com,555-0478
003000000000479,001000000000473,First479,Last479,contact479@example.com,555-0479
003000000000480,001000000000178,First480,Last480,contact480@example.com,555-0480
003000000000481,001000000000196,First481,Last481,contact481@example.com,555-0481
003000000000482,001000000000222,First482,Last482,contact482@example.com,555-0482
003000000000483,001000000000088,First483,Last483,contact483@example.com,555-0483
003000000000484,001000000000286,First484,Last484,contact484@example.com,555-0484
003000000000485,001000000000433,First485,Last485,contact485@example.com,555-0485
003000000000486,001000000000275,First486,Last486,contact486@example.com,555-0486
003000000000487,001000000000235,First487,Last487,contact487@example.com,555-0487
003000000000488,001000000000182,First488,Last488,contact488@example.com,555-0488
003000000000489,001000000000208,First489,Last489,contact489@example.com,555-0489
003000000000490,001000000000492,First490,Last490,contact490@example.com,555-0490
003000000000491,001000000000129,First491,Last491,contact491@example.com,555-0491
003000000000492,001000000000152,First492,Last492,contact492@example.com,555-0492
003000000000493,001000000000012,First493,Last493,contact493@example.com,555-0493
003000000000494,001000000000121,First494,Last494,contact494@example.com,555-0494
003000000000495,001000000000358,First495,Last495,contact495@example.com,555-0495
003000000000496,001000000000219,First496,Last496,contact496@example.com,555-0496
003000000000497,001000000000105,First497,Last497,contact497@example.com,555-0497
003000000000498,001000000000374,First498,Last498,contact498@example.com,555-0498
003000000000499,001000000000069,First499,Last499,contact499@example.com,555-0499
