TeamMemberId,OpportunityId,UserId,Role
TM0000000000,006000000000162,005000000000,Sales Rep
TM0000000001,006000000000365,005000000001,Executive Sponsor
TM0000000002,006000000000013,005000000002,Manager
TM0000000003,006000000000238,005000000003,Engineer
TM0000000004,006000000000071,005000000004,Executive Sponsor
TM0000000005,006000000000444,005000000005,Manager
TM0000000006,006000000000142,005000000006,Executive Sponsor
TM0000000007,006000000000309,005000000007,Engineer
TM0000000008,006000000000282,005000000008,Manager
TM0000000009,006000000000268,005000000009,Sales Rep
TM0000000010,006000000000240,005000000010,Sales Rep
TM0000000011,006000000000414,005000000011,Executive Sponsor
TM0000000012,006000000000244,005000000012,Engineer
TM0000000013,006000000000162,005000000013,Manager
TM0000000014,006000000000059,005000000014,Engineer
TM0000000015,006000000000005,005000000015,Manager
TM0000000016,006000000000196,005000000016,Executive Sponsor
TM0000000017,006000000000469,005000000017,Manager
TM0000000018,006000000000057,005000000018,Engineer
TM0000000019,006000000000304,005000000019,Engineer
TM0000000020,006000000000406,005000000020,Executive Sponsor
TM0000000021,006000000000216,005000000021,Engineer
TM0000000022,006000000000417,005000000022,Manager
TM0000000023,006000000000025,005000000023,Executive Sponsor
TM0000000024,006000000000302,005000000024,Manager
TM0000000025,006000000000004,005000000025,Engineer
TM0000000026,006000000000473,005000000026,Executive Sponsor
TM0000000027,006000000000019,005000000027,Manager
TM0000000028,006000000000389,005000000028,Engineer
TM0000000029,006000000000197,005000000029,Engineer
TM0000000030,006000000000058,005000000030,Sales Rep
TM0000000031,006000000000447,005000000031,Engineer
TM0000000032,006000000000241,005000000032,Manager
TM0000000033,006000000000145,005000000033,Executive Sponsor
TM0000000034,006000000000387,005000000034,Sales Rep
TM0000000035,006000000000272,005000000035,Engineer
TM0000000036,006000000000248,005000000036,Engineer
TM0000000037,006000000000013,005000000037,Engineer
TM0000000038,006000000000461,005000000038,Manager
TM0000000039,006000000000012,005000000039,Sales Rep
TM0000000040,006000000000390,005000000040,Manager
TM0000000041,006000000000383,005000000041,Sales Rep
TM0000000042,006000000000043,005000000042,Executive Sponsor
TM0000000043,006000000000374,005000000043,Manager
TM0000000044,006000000000398,005000000044,Manager
TM0000000045,006000000000018,005000000045,Executive Sponsor
TM0000000046,006000000000062,005000000046,Sales Rep
TM0000000047,006000000000490,005000000047,Engineer
TM0000000048,006000000000238,005000000048,Executive Sponsor
TM0000000049,006000000000491,005000000049,Engineer
TM0000000050,006000000000418,005000000050,Engineer
TM0000000051,006000000000336,005000000051,Executive Sponsor
TM0000000052,006000000000418,005000000052,Sales Rep
TM0000000053,006000000000402,005000000053,Engineer
TM0000000054,006000000000403,005000000054,Executive Sponsor
TM0000000055,006000000000099,005000000055,Manager
TM0000000056,006000000000162,005000000056,Manager
TM0000000057,006000000000415,005000000057,Manager
TM0000000058,006000000000121,005000000058,Executive Sponsor
TM0000000059,006000000000431,005000000059,Manager
TM0000000060,006000000000043,005000000060,Engineer
TM0000000061,006000000000359,005000000061,Manager
TM0000000062,006000000000407,005000000062,Manager
TM0000000063,006000000000316,005000000063,Engineer
TM0000000064,006000000000380,005000000064,Manager
TM0000000065,006000000000144,005000000065,Engineer
TM0000000066,006000000000326,005000000066,Manager
TM0000000067,006000000000362,005000000067,Engineer
TM0000000068,006000000000049,005000000068,Manager
TM0000000069,006000000000064,005000000069,Engineer
TM0000000070,006000000000354,005000000070,Executive Sponsor
TM0000000071,006000000000287,005000000071,Engineer
TM0000000072,006000000000163,005000000072,Manager
TM0000000073,006000000000140,005000000073,Manager
TM0000000074,006000000000453,005000000074,Sales Rep
TM0000000075,006000000000313,005000000075,Engineer
TM0000000076,006000000000127,005000000076,Executive Sponsor
TM0000000077,006000000000397,005000000077,Engineer
TM0000000078,006000000000420,005000000078,Engineer
TM0000000079,006000000000367,005000000079,Executive Sponsor
TM0000000080,006000000000462,005000000080,Engineer
TM0000000081,006000000000238,005000000081,Executive Sponsor
TM0000000082,006000000000323,005000000082,Executive Sponsor
TM0000000083,006000000000295,005000000083,Engineer
TM0000000084,006000000000186,005000000084,Engineer
TM0000000085,006000000000207,005000000085,Manager
TM0000000086,006000000000219,005000000086,Manager
TM0000000087,006000000000399,005000000087,Sales Rep
TM0000000088,006000000000189,005000000088,Sales Rep
TM0000000089,006000000000387,005000000089,Engineer
TM0000000090,006000000000428,005000000090,Executive Sponsor
TM0000000091,006000000000345,005000000091,Sales Rep
TM0000000092,006000000000283,005000000092,Engineer
TM0000000093,006000000000351,005000000093,Sales Rep
TM0000000094,006000000000236,005000000094,Executive Sponsor
TM0000000095,006000000000193,005000000095,Engineer
TM0000000096,006000000000286,005000000096,Executive Sponsor
TM0000000097,006000000000258,005000000097,Engineer
TM0000000098,006000000000245,005000000098,Sales Rep
TM0000000099,006000000000135,005000000099,Manager
TM0000000100,006000000000279,005000000100,Sales Rep
TM0000000101,006000000000270,005000000101,Sales Rep
TM0000000102,006000000000170,005000000102,Manager
TM0000000103,006000000000158,005000000103,Manager
TM0000000104,006000000000200,005000000104,Engineer
TM0000000105,006000000000486,005000000105,Engineer
TM0000000106,006000000000044,005000000106,Executive Sponsor
TM0000000107,006000000000449,005000000107,Executive Sponsor
TM0000000108,006000000000263,005000000108,Sales Rep
TM0000000109,006000000000070,005000000109,Manager
TM0000000110,006000000000363,005000000110,Executive Sponsor
TM0000000111,006000000000370,005000000111,Sales Rep
TM0000000112,006000000000102,005000000112,Manager
TM0000000113,006000000000489,005000000113,Engineer
TM0000000114,006000000000124,005000000114,Sales Rep
TM0000000115,006000000000312,005000000115,Engineer
TM0000000116,006000000000463,005000000116,Executive Sponsor
TM0000000117,006000000000482,005000000117,Executive Sponsor
TM0000000118,006000000000285,005000000118,Manager
TM0000000119,006000000000457,005000000119,Sales Rep
TM0000000120,006000000000229,005000000120,Engineer
TM0000000121,006000000000145,005000000121,Manager
TM0000000122,006000000000369,005000000122,Executive Sponsor
TM0000000123,006000000000196,005000000123,Executive Sponsor
TM0000000124,006000000000372,005000000124,Sales Rep
TM0000000125,006000000000220,005000000125,Engineer
TM0000000126,006000000000422,005000000126,Sales Rep
TM0000000127,006000000000059,005000000127,Engineer
TM0000000128,006000000000097,005000000128,Engineer
TM0000000129,006000000000170,005000000129,Sales Rep
TM0000000130,006000000000381,005000000130,Manager
TM0000000131,006000000000172,005000000131,Sales Rep
TM0000000132,006000000000150,005000000132,Sales Rep
TM0000000133,006000000000452,005000000133,Executive Sponsor
TM0000000134,006000000000349,005000000134,Executive Sponsor
TM0000000135,006000000000389,005000000135,Sales Rep
TM0000000136,006000000000439,005000000136,Sales Rep
TM0000000137,006000000000121,005000000137,Executive Sponsor
TM0000000138,006000000000493,005000000138,Engineer
TM0000000139,006000000000107,005000000139,Sales Rep
TM0000000140,006000000000003,005000000140,Manager
TM0000000141,006000000000092,005000000141,Manager
TM0000000142,006000000000406,005000000142,Manager
TM0000000143,006000000000005,005000000143,Sales Rep
TM0000000144,006000000000287,005000000144,Engineer
TM0000000145,006000000000105,005000000145,Engineer
TM0000000146,006000000000145,005000000146,Executive Sponsor
TM0000000147,006000000000270,005000000147,Sales Rep
TM0000000148,006000000000423,005000000148,Engineer
TM0000000149,006000000000377,005000000149,Sales Rep
TM0000000150,006000000000095,005000000150,Executive Sponsor
TM0000000151,006000000000456,005000000151,Executive Sponsor
TM0000000152,006000000000228,005000000152,Executive Sponsor
TM0000000153,006000000000201,005000000153,Manager
TM0000000154,006000000000211,005000000154,Sales Rep
TM0000000155,006000000000005,005000000155,Executive Sponsor
TM0000000156,006000000000111,005000000156,Sales Rep
TM0000000157,006000000000375,005000000157,Manager
TM0000000158,006000000000378,005000000158,Manager
TM0000000159,006000000000446,005000000159,Executive Sponsor
TM0000000160,006000000000322,005000000160,Executive Sponsor
TM0000000161,006000000000105,005000000161,Engineer
TM0000000162,006000000000138,005000000162,Sales Rep
TM0000000163,006000000000298,005000000163,Executive Sponsor
TM0000000164,006000000000400,005000000164,Engineer
TM0000000165,006000000000095,005000000165,Sales Rep
TM0000000166,006000000000387,005000000166,Executive Sponsor
TM0000000167,006000000000446,005000000167,Engineer
TM0000000168,006000000000451,005000000168,Engineer
TM0000000169,006000000000336,005000000169,Sales Rep
TM0000000170,006000000000296,005000000170,Engineer
TM0000000171,006000000000466,005000000171,Sales Rep
TM0000000172,006000000000388,005000000172,Sales Rep
TM0000000173,006000000000415,005000000173,Sales Rep
TM0000000174,006000000000213,005000000174,Manager
TM0000000175,006000000000453,005000000175,Engineer
TM0000000176,006000000000290,005000000176,Sales Rep
TM0000000177,006000000000021,005000000177,Executive Sponsor
TM0000000178,006000000000192,005000000178,Manager
TM0000000179,006000000000467,005000000179,Manager
TM0000000180,006000000000149,005000000180,Engineer
TM0000000181,006000000000367,005000000181,Sales Rep
TM0000000182,006000000000246,005000000182,Engineer
TM0000000183,006000000000266,005000000183,Manager
TM0000000184,006000000000460,005000000184,Sales Rep
TM0000000185,006000000000250,005000000185,Executive Sponsor
TM0000000186,006000000000489,005000000186,Sales Rep
TM0000000187,006000000000002,005000000187,Manager
TM0000000188,006000000000392,005000000188,Executive Sponsor
TM0000000189,006000000000315,005000000189,Sales Rep
TM0000000190,006000000000075,005000000190,Executive Sponsor
TM0000000191,006000000000086,005000000191,Executive Sponsor
TM0000000192,006000000000269,005000000192,Manager
TM0000000193,006000000000224,005000000193,Executive Sponsor
TM0000000194,006000000000017,005000000194,Engineer
TM0000000195,006000000000112,005000000195,Manager
TM0000000196,006000000000250,005000000196,Engineer
TM0000000197,006000000000232,005000000197,Executive Sponsor
TM0000000198,006000000000328,005000000198,Engineer
TM0000000199,006000000000278,005000000199,Sales Rep
TM0000000200,006000000000201,005000000200,Executive Sponsor
TM0000000201,006000000000082,005000000201,Sales Rep
TM0000000202,006000000000124,005000000202,Engineer
TM0000000203,006000000000174,005000000203,Sales Rep
TM0000000204,006000000000068,005000000204,Executive Sponsor
TM0000000205,006000000000046,005000000205,Sales Rep
TM0000000206,006000000000371,005000000206,Engineer
TM0000000207,006000000000255,005000000207,Engineer
TM0000000208,006000000000214,005000000208,Engineer
TM0000000209,006000000000029,005000000209,Executive Sponsor
TM0000000210,006000000000280,005000000210,Engineer
TM0000000211,006000000000411,005000000211,Executive Sponsor
TM0000000212,006000000000481,005000000212,Sales Rep
TM0000000213,006000000000236,005000000213,Engineer
TM0000000214,006000000000247,005000000214,Sales Rep
TM0000000215,006000000000367,005000000215,Manager
TM0000000216,006000000000494,005000000216,Sales Rep
TM0000000217,006000000000024,005000000217,Manager
TM0000000218,006000000000073,005000000218,Sales Rep
TM0000000219,006000000000205,005000000219,Executive Sponsor
TM0000000220,006000000000489,005000000220,Sales Rep
TM0000000221,006000000000493,005000000221,Executive Sponsor
TM0000000222,006000000000313,005000000222,Executive Sponsor
TM0000000223,006000000000093,005000000223,Engineer
TM0000000224,006000000000374,005000000224,Executive Sponsor
TM0000000225,006000000000126,005000000225,Manager
TM0000000226,006000000000424,005000000226,Engineer
TM0000000227,006000000000024,005000000227,Engineer
TM0000000228,006000000000333,005000000228,Sales Rep
TM0000000229,006000000000354,005000000229,Executive Sponsor
TM0000000230,006000000000115,005000000230,Executive Sponsor
TM0000000231,006000000000047,005000000231,Manager
TM0000000232,006000000000225,005000000232,Sales Rep
TM0000000233,006000000000265,005000000233,Sales Rep
TM0000000234,006000000000098,005000000234,Engineer
TM0000000235,006000000000458,005000000235,Engineer
TM0000000236,006000000000010,005000000236,Engineer
TM0000000237,006000000000084,005000000237,Manager
TM0000000238,006000000000404,005000000238,Manager
TM0000000239,006000000000213,005000000239,Engineer
TM0000000240,006000000000172,005000000240,Sales Rep
TM0000000241,006000000000390,005000000241,Manager
TM0000000242,006000000000208,005000000242,Sales Rep
TM0000000243,006000000000447,005000000243,Sales Rep
TM0000000244,006000000000381,005000000244,Executive Sponsor
TM0000000245,006000000000063,005000000245,Engineer
TM0000000246,006000000000257,005000000246,Executive Sponsor
TM0000000247,006000000000331,005000000247,Engineer
TM0000000248,006000000000120,005000000248,Engineer
TM0000000249,006000000000297,005000000249,Sales Rep
TM0000000250,006000000000465,005000000250,Engineer
TM0000000251,006000000000053,005000000251,Sales Rep
TM0000000252,006000000000330,005000000252,Sales Rep
TM0000000253,006000000000271,005000000253,Engineer
TM0000000254,006000000000240,005000000254,Sales Rep
TM0000000255,006000000000242,005000000255,Sales Rep
TM0000000256,006000000000017,005000000256,Sales Rep
TM0000000257,006000000000482,005000000257,Manager
TM0000000258,006000000000186,005000000258,Sales Rep
TM0000000259,006000000000345,005000000259,Manager
TM0000000260,006000000000143,005000000260,Manager
TM0000000261,006000000000261,005000000261,Sales Rep
TM0000000262,006000000000440,005000000262,Sales Rep
TM0000000263,006000000000363,005000000263,Manager
TM0000000264,006000000000490,005000000264,Manager
TM0000000265,006000000000430,005000000265,Sales Rep
TM0000000266,006000000000238,005000000266,Sales Rep
TM0000000267,006000000000303,005000000267,Engineer
TM0000000268,006000000000297,005000000268,Manager
TM0000000269,006000000000075,005000000269,Manager
TM0000000270,006000000000187,005000000270,Engineer
TM0000000271,006000000000332,005000000271,Manager
TM0000000272,006000000000387,005000000272,Executive Sponsor
TM0000000273,006000000000486,005000000273,Manager
TM0000000274,006000000000245,005000000274,Engineer
TM0000000275,006000000000129,005000000275,Executive Sponsor
TM0000000276,006000000000473,005000000276,Sales Rep
TM0000000277,006000000000314,005000000277,Engineer
TM0000000278,006000000000410,005000000278,Engineer
TM0000000279,006000000000282,005000000279,Sales Rep
TM0000000280,006000000000078,005000000280,Engineer
TM0000000281,006000000000071,005000000281,Manager
TM0000000282,006000000000262,005000000282,Sales Rep
TM0000000283,006000000000190,005000000283,Engineer
TM0000000284,006000000000366,005000000284,Sales Rep
TM0000000285,006000000000374,005000000285,Sales Rep
TM0000000286,006000000000429,005000000286,Sales Rep
TM0000000287,006000000000062,005000000287,Executive Sponsor
TM0000000288,006000000000487,005000000288,Engineer
TM0000000289,006000000000379,005000000289,Executive Sponsor
TM0000000290,006000000000011,005000000290,Engineer
TM0000000291,006000000000140,005000000291,Manager
TM0000000292,006000000000253,005000000292,Manager
TM0000000293,006000000000042,005000000293,Manager
TM0000000294,006000000000016,005000000294,Engineer
TM0000000295,006000000000062,005000000295,Sales Rep
TM0000000296,006000000000252,005000000296,Sales Rep
TM0000000297,006000000000464,005000000297,Executive Sponsor
TM0000000298,006000000000375,005000000298,Executive Sponsor
TM0000000299,006000000000291,005000000299,Manager
TM0000000300,006000000000468,005000000300,Executive Sponsor
TM0000000301,006000000000007,005000000301,Engineer
TM0000000302,006000000000324,005000000302,Engineer
TM0000000303,006000000000089,005000000303,Executive Sponsor
TM0000000304,006000000000207,005000000304,Executive Sponsor
TM0000000305,006000000000291,005000000305,Executive Sponsor
TM0000000306,006000000000283,005000000306,Executive Sponsor
TM0000000307,006000000000117,005000000307,Manager
TM0000000308,006000000000348,005000000308,Manager
TM0000000309,006000000000174,005000000309,Executive Sponsor
TM0000000310,006000000000075,005000000310,Engineer
TM0000000311,006000000000100,005000000311,Manager
TM0000000312,006000000000413,005000000312,Engineer
TM0000000313,006000000000150,005000000313,Sales Rep
TM0000000314,006000000000399,005000000314,Engineer
TM0000000315,006000000000269,005000000315,Executive Sponsor
TM0000000316,006000000000457,005000000316,Sales Rep
TM0000000317,006000000000070,005000000317,Manager
TM0000000318,006000000000492,005000000318,Manager
TM0000000319,006000000000179,005000000319,Sales Rep
TM0000000320,006000000000123,005000000320,Engineer
TM0000000321,006000000000380,005000000321,Manager
TM0000000322,006000000000292,005000000322,Executive Sponsor
TM0000000323,006000000000284,005000000323,Sales Rep
TM0000000324,006000000000194,005000000324,Executive Sponsor
TM0000000325,006000000000398,005000000325,Sales Rep
TM0000000326,006000000000227,005000000326,Manager
TM0000000327,006000000000430,005000000327,Engineer
TM0000000328,006000000000429,005000000328,Sales Rep
TM0000000329,006000000000435,005000000329,Sales Rep
TM0000000330,006000000000274,005000000330,Executive Sponsor
TM0000000331,006000000000460,005000000331,Manager
TM0000000332,006000000000105,005000000332,Executive Sponsor
TM0000000333,006000000000020,005000000333,Manager
TM0000000334,006000000000063,005000000334,Executive Sponsor
TM0000000335,006000000000164,005000000335,Sales Rep
TM0000000336,006000000000026,005000000336,Executive Sponsor
TM0000000337,006000000000310,005000000337,Engineer
TM0000000338,006000000000499,005000000338,Manager
TM0000000339,006000000000284,005000000339,Manager
TM0000000340,006000000000147,005000000340,Sales Rep
TM0000000341,006000000000280,005000000341,Manager
TM0000000342,006000000000325,005000000342,Engineer
TM0000000343,006000000000318,005000000343,Executive Sponsor
TM0000000344,006000000000163,005000000344,Sales Rep
TM0000000345,006000000000385,005000000345,Engineer
TM0000000346,006000000000405,005000000346,Manager
TM0000000347,006000000000223,005000000347,Manager
TM0000000348,006000000000271,005000000348,Engineer
TM0000000349,006000000000145,005000000349,Executive Sponsor
TM0000000350,006000000000452,005000000350,Executive Sponsor
TM0000000351,006000000000437,005000000351,Sales Rep
TM0000000352,006000000000355,005000000352,Manager
TM0000000353,006000000000029,005000000353,Engineer
TM0000000354,006000000000044,005000000354,Executive Sponsor
TM0000000355,006000000000274,005000000355,Sales Rep
TM0000000356,006000000000470,005000000356,Manager
TM0000000357,006000000000033,005000000357,Manager
TM0000000358,006000000000140,005000000358,Sales Rep
TM0000000359,006000000000426,005000000359,Sales Rep
TM0000000360,006000000000317,005000000360,Executive Sponsor
TM0000000361,006000000000373,005000000361,Engineer
TM0000000362,006000000000220,005000000362,Manager
TM0000000363,006000000000355,005000000363,Engineer
TM0000000364,006000000000021,005000000364,Manager
TM0000000365,006000000000179,005000000365,Manager
TM0000000366,006000000000435,005000000366,Engineer
TM0000000367,006000000000366,005000000367,Sales Rep
TM0000000368,006000000000419,005000000368,Executive Sponsor
TM0000000369,006000000000328,005000000369,Manager
TM0000000370,006000000000230,005000000370,Sales Rep
TM0000000371,006000000000498,005000000371,Manager
TM0000000372,006000000000402,005000000372,Executive Sponsor
TM0000000373,006000000000037,005000000373,Manager
TM0000000374,006000000000069,005000000374,Executive Sponsor
TM0000000375,006000000000115,005000000375,Executive Sponsor
TM0000000376,006000000000238,005000000376,Manager
TM0000000377,006000000000334,005000000377,Manager
TM0000000378,006000000000440,005000000378,Executive Sponsor
TM0000000379,006000000000147,005000000379,Sales Rep
TM0000000380,006000000000008,005000000380,Engineer
TM0000000381,006000000000287,005000000381,Executive Sponsor
TM0000000382,006000000000387,005000000382,Manager
TM0000000383,006000000000049,005000000383,Manager
TM0000000384,006000000000337,005000000384,Sales Rep
TM0000000385,006000000000004,005000000385,Engineer
TM0000000386,006000000000403,005000000386,Executive Sponsor
TM0000000387,006000000000342,005000000387,Executive Sponsor
TM0000000388,006000000000125,005000000388,Engineer
TM0000000389,006000000000074,005000000389,Executive Sponsor
TM0000000390,006000000000164,005000000390,Engineer
TM0000000391,006000000000277,005000000391,Manager
TM0000000392,006000000000441,005000000392,Engineer
TM0000000393,006000000000323,005000000393,Executive Sponsor
TM0000000394,006000000000476,005000000394,Engineer
TM0000000395,006000000000299,005000000395,Sales Rep
TM0000000396,006000000000289,005000000396,Manager
TM0000000397,006000000000076,005000000397,Manager
TM0000000398,006000000000297,005000000398,Engineer
TM0000000399,006000000000136,005000000399,Executive Sponsor
TM0000000400,006000000000105,005000000400,Sales Rep
TM0000000401,006000000000094,005000000401,Manager
TM0000000402,006000000000134,005000000402,Manager
TM0000000403,006000000000067,005000000403,Executive Sponsor
TM0000000404,006000000000146,005000000404,Executive Sponsor
TM0000000405,006000000000489,005000000405,Sales Rep
TM0000000406,006000000000477,005000000406,Engineer
TM0000000407,006000000000158,005000000407,Executive Sponsor
TM0000000408,006000000000383,005000000408,Engineer
TM0000000409,006000000000162,005000000409,Sales Rep
TM0000000410,006000000000440,005000000410,Engineer
TM0000000411,006000000000340,005000000411,Manager
TM0000000412,006000000000188,005000000412,Engineer
TM0000000413,006000000000414,005000000413,Sales Rep
TM0000000414,006000000000338,005000000414,Sales Rep
TM0000000415,006000000000094,005000000415,Sales Rep
TM0000000416,006000000000180,005000000416,Engineer
TM0000000417,006000000000287,005000000417,Manager
TM0000000418,006000000000321,005000000418,Executive Sponsor
TM0000000419,006000000000186,005000000419,Manager
TM0000000420,006000000000371,005000000420,Engineer
TM0000000421,006000000000137,005000000421,Engineer
TM0000000422,006000000000129,005000000422,Executive Sponsor
TM0000000423,006000000000193,005000000423,Engineer
TM0000000424,006000000000315,005000000424,Sales Rep
TM0000000425,006000000000471,005000000425,Sales Rep
TM0000000426,006000000000272,005000000426,Sales Rep
TM0000000427,006000000000351,005000000427,Sales Rep
TM0000000428,006000000000143,005000000428,Sales Rep
TM0000000429,006000000000015,005000000429,Engineer
TM0000000430,006000000000301,005000000430,Executive Sponsor
TM0000000431,006000000000422,005000000431,Executive Sponsor
TM0000000432,006000000000244,005000000432,Sales Rep
TM0000000433,006000000000414,005000000433,Engineer
TM0000000434,006000000000106,005000000434,Manager
TM0000000435,006000000000087,005000000435,Manager
TM0000000436,006000000000128,005000000436,Engineer
TM0000000437,006000000000394,005000000437,Sales Rep
TM0000000438,006000000000374,005000000438,Executive Sponsor
TM0000000439,006000000000340,005000000439,Engineer
TM0000000440,006000000000003,005000000440,Manager
TM0000000441,006000000000326,005000000441,Manager
TM0000000442,006000000000409,005000000442,Manager
TM0000000443,006000000000366,005000000443,Sales Rep
TM0000000444,006000000000305,005000000444,Manager
TM0000000445,006000000000395,005000000445,Engineer
TM0000000446,006000000000094,005000000446,Engineer
TM0000000447,006000000000208,005000000447,Manager
TM0000000448,006000000000224,005000000448,Engineer
TM0000000449,006000000000458,005000000449,Manager
TM0000000450,006000000000347,005000000450,Manager
TM0000000451,006000000000479,005000000451,Executive Sponsor
TM0000000452,006000000000320,005000000452,Sales Rep
TM0000000453,006000000000046,005000000453,Sales Rep
TM0000000454,006000000000475,005000000454,Executive Sponsor
TM0000000455,006000000000180,005000000455,Executive Sponsor
TM0000000456,006000000000105,005000000456,Sales Rep
TM0000000457,006000000000198,005000000457,Manager
TM0000000458,006000000000385,005000000458,Manager
TM0000000459,006000000000105,005000000459,Sales Rep
TM0000000460,006000000000279,005000000460,Manager
TM0000000461,006000000000259,005000000461,Executive Sponsor
TM0000000462,006000000000107,005000000462,Manager
TM0000000463,006000000000018,005000000463,Manager
TM0000000464,006000000000409,005000000464,Engineer
TM0000000465,006000000000458,005000000465,Engineer
TM0000000466,006000000000295,005000000466,Engineer
TM0000000467,006000000000305,005000000467,Manager
TM0000000468,006000000000170,005000000468,Sales Rep
TM0000000469,006000000000330,005000000469,Executive Sponsor
TM0000000470,006000000000492,005000000470,Manager
TM0000000471,006000000000194,005000000471,Sales Rep
TM0000000472,006000000000011,005000000472,Manager
TM0000000473,006000000000194,005000000473,Executive Sponsor
TM0000000474,006000000000489,005000000474,Manager
TM0000000475,006000000000282,005000000475,Executive Sponsor
TM0000000476,006000000000368,005000000476,Manager
TM0000000477,006000000000181,005000000477,Executive Sponsor
TM0000000478,006000000000449,005000000478,Manager
TM0000000479,006000000000304,005000000479,Executive Sponsor
TM0000000480,006000000000143,005000000480,Engineer
TM0000000481,006000000000385,005000000481,Manager
TM0000000482,006000000000315,005000000482,Manager
TM0000000483,006000000000181,005000000483,Sales Rep
TM0000000484,006000000000029,005000000484,Sales Rep
TM0000000485,006000000000083,005000000485,Executive Sponsor
TM0000000486,006000000000165,005000000486,Manager
TM0000000487,006000000000283,005000000487,Executive Sponsor
TM0000000488,006000000000280,005000000488,Engineer
TM0000000489,006000000000095,005000000489,Sales Rep
TM0000000490,006000000000380,005000000490,Executive Sponsor
TM0000000491,006000000000265,005000000491,Executive Sponsor
TM0000000492,006000000000443,005000000492,Sales Rep
TM0000000493,006000000000297,005000000493,Manager
TM0000000494,006000000000295,005000000494,Executive Sponsor
TM0000000495,006000000000224,005000000495,Sales Rep
TM0000000496,006000000000332,005000000496,Manager
TM0000000497,006000000000360,005000000497,Engineer
TM0000000498,006000000000373,005000000498,Sales Rep
TM0000000499,006000000000041,005000000499,Executive Sponsor
